<suite name="UsersTest" verbose="1" >
    <test name="Users Test">
        <classes>
            <class name="Users.ListUsers"/>
            <class name="Users.SingleUser"/>
            <class name="Users.CreateData"/>
            <class name="Users.UpdateData"/>
            <class name="Register.RegisterSuccess"/>
            <class name="Register.RegisterUnsuccess"/>
            <class name="Auth.LoginSucces"/>
            <class name="Auth.LoginUnsucces"/>
        </classes>
    </test>
</suite>
